,num_thread,time
0,1,0 days 00:00:52.997283
1,2,0 days 00:00:35.827835
2,4,0 days 00:00:32.963195
3,8,0 days 00:00:27.382440
4,16,0 days 00:00:26.329105
